<?xml version="1.0" encoding="utf-8" ?><dwsync><file name="index.html" server="yerkaproject.com" local="3560350535" remote="318763443953247012" Dst="-1" /><file name="cliente.php" server="yerkaproject.com" local="3561381941" remote="318763443953247312" Dst="-1" /><file name="modificar_numero.php" server="yerkaproject.com" local="3535066800" remote="318763443927963312" Dst="-1" /><file name="acceso_db.php" server="yerkaproject.com" local="3561381804" remote="318763443935048112" Dst="-1" /><file name="estadisticas.php" server="yerkaproject.com" local="3561381811" remote="318763443926753712" Dst="-1" /><file name="index2.css" server="yerkaproject.com" local="3561381882" remote="318763443926753712" Dst="-1" /><file name="hojacss-cliente.css" server="yerkaproject.com" local="3561381882" remote="318763443926753712" Dst="-1" /><file name="index2.html" server="yerkaproject.com" local="3561381882" remote="318763443926753712" Dst="-1" /><file name="intervalo.php" server="yerkaproject.com" local="3561381887" remote="318763443935048112" Dst="-1" /><file name="latlon.php" server="yerkaproject.com" local="3561381888" remote="318763443926753712" Dst="-1" /><file name="new_local.php" server="yerkaproject.com" local="3561381930" remote="318763443934961712" Dst="-1" /><file name="new_local_save.php" server="yerkaproject.com" local="3561381938" remote="318763443934961712" Dst="-1" /><file name="validador.php" server="yerkaproject.com" local="3561381938" remote="318763443927963312" Dst="-1" /><file name=".DS_Store" server="yerkaproject.com" local="3561381941" remote="318763443926753712" Dst="-1" /><file name="agregar_cliente.php" server="yerkaproject.com" local="3561382003" remote="318763443926753712" Dst="-1" /><file name="gps.html" server="yerkaproject.com" local="3561382006" remote="318763443926753712" Dst="-1" /></dwsync>